url,reason,opened_at,resolved_at
https://www.cabinezero15.com.br/,HTTP 403,2026-09-16T01:25:33,2026-09-16T06:29:38
https://www.cabinezero15.com.br/adicionais/fotos-imantadas.html,HTTP 403,2026-09-16T01:25:33,2026-09-16T06:29:38
https://www.cabinezero15.com.br/adicionais/hora-extra.html,HTTP 403,2026-09-16T01:25:33,2026-09-16T06:29:38
https://www.cabinezero15.com.br/adicionais/letreiro-led.html,HTTP 403,2026-09-16T01:25:33,2026-09-16T06:29:38
https://www.cabinezero15.com.br/adicionais/livro-de-memorias.html,HTTP 403,2026-09-16T01:25:33,2026-09-16T06:29:38
https://www.cabinezero15.com.br/adicionais/props-e-acessorios.html,HTTP 403,2026-09-16T01:25:33,2026-09-16T06:29:38
https://www.cabinezero15.com.br/adicionais/shimmer-wall.html,HTTP 403,2026-09-16T01:25:33,2026-09-16T06:29:38
https://www.cabinezero15.com.br/areas-atendidas.html,HTTP 403,2026-09-16T01:25:33,2026-09-16T06:29:38
https://www.cabinezero15.com.br/blog/,HTTP 403,2026-09-16T01:25:33,2026-09-16T06:29:38
https://www.cabinezero15.com.br/blog/como-funciona-moldura-personalizada-foto-lembranca.html,HTTP 403,2026-09-16T01:25:33,2026-09-16T06:29:38
https://www.cabinezero15.com.br/blog/diferenca-totem-retro-espelho-magico.html,HTTP 403,2026-09-16T01:25:33,2026-09-16T06:29:38
https://www.cabinezero15.com.br/blog/foto-lembranca-casamento-sorocaba.html,HTTP 403,2026-09-16T01:25:33,2026-09-16T06:29:38
https://www.cabinezero15.com.br/blog/foto-lembranca-casamento.html,HTTP 403,2026-09-16T01:25:33,2026-09-16T06:29:38
https://www.cabinezero15.com.br/blog/foto-lembranca-debutante.html,HTTP 403,2026-09-16T01:25:33,2026-09-16T06:29:38
https://www.cabinezero15.com.br/blog/foto-lembranca-evento-corporativo.html,HTTP 403,2026-09-16T01:25:33,2026-09-16T06:29:38
https://www.cabinezero15.com.br/blog/o-que-e-shimmer-wall.html,HTTP 403,2026-09-16T01:25:33,2026-09-16T06:29:38
https://www.cabinezero15.com.br/blog/o-que-e-totem-retro.html,HTTP 403,2026-09-16T01:25:33,2026-09-16T06:29:38
https://www.cabinezero15.com.br/blog/quanto-tempo-antes-contratar-foto-lembranca.html,HTTP 403,2026-09-16T01:25:33,2026-09-16T06:29:38
https://www.cabinezero15.com.br/blog/totem-retro-ou-espelho-magico-festa-15-anos.html,HTTP 403,2026-09-16T01:25:33,2026-09-16T06:29:38
https://www.cabinezero15.com.br/busca/,HTTP 403,2026-09-16T01:25:33,2026-09-16T06:29:38
https://www.cabinezero15.com.br/cidades/alambari.html,HTTP 403,2026-09-16T01:25:33,2026-09-16T06:29:38
https://www.cabinezero15.com.br/cidades/aluminio.html,HTTP 403,2026-09-16T01:25:33,2026-09-16T06:29:38
https://www.cabinezero15.com.br/cidades/aracariguama.html,HTTP 403,2026-09-16T01:25:33,2026-09-16T06:29:38
https://www.cabinezero15.com.br/cidades/aracoiaba-da-serra.html,HTTP 403,2026-09-16T01:25:33,2026-09-16T06:29:38
https://www.cabinezero15.com.br/cidades/barueri.html,HTTP 403,2026-09-16T01:25:33,2026-09-16T06:29:38
https://www.cabinezero15.com.br/cidades/boituva.html,HTTP 403,2026-09-16T01:25:33,2026-09-16T06:29:38
https://www.cabinezero15.com.br/cidades/cabreuva.html,HTTP 403,2026-09-16T01:25:33,2026-09-16T06:29:38
https://www.cabinezero15.com.br/cidades/cajamar.html,HTTP 403,2026-09-16T01:25:33,2026-09-16T06:29:38
https://www.cabinezero15.com.br/cidades/campinas.html,HTTP 403,2026-09-16T01:25:33,2026-09-16T06:29:38
https://www.cabinezero15.com.br/cidades/capela-do-alto.html,HTTP 403,2026-09-16T01:25:33,2026-09-16T06:29:38
https://www.cabinezero15.com.br/cidades/capivari.html,HTTP 403,2026-09-16T01:25:33,2026-09-16T06:29:38
https://www.cabinezero15.com.br/cidades/carapicuiba.html,HTTP 403,2026-09-16T01:25:33,2026-09-16T06:29:38
https://www.cabinezero15.com.br/cidades/cerquilho.html,HTTP 403,2026-09-16T01:25:33,2026-09-16T06:29:38
https://www.cabinezero15.com.br/cidades/cesario-lange.html,HTTP 403,2026-09-16T01:25:33,2026-09-16T06:29:38
https://www.cabinezero15.com.br/cidades/conchas.html,HTTP 403,2026-09-16T01:25:33,2026-09-16T06:29:38
https://www.cabinezero15.com.br/cidades/cotia.html,HTTP 403,2026-09-16T01:25:33,2026-09-16T06:29:38
https://www.cabinezero15.com.br/cidades/elias-fausto.html,HTTP 403,2026-09-16T01:25:33,2026-09-16T06:29:38
https://www.cabinezero15.com.br/cidades/embu-das-artes.html,HTTP 403,2026-09-16T01:25:33,2026-09-16T06:29:38
https://www.cabinezero15.com.br/cidades/hortolandia.html,HTTP 403,2026-09-16T01:25:33,2026-09-16T06:29:38
https://www.cabinezero15.com.br/cidades/ibiuna.html,HTTP 403,2026-09-16T01:25:33,2026-09-16T06:29:38
https://www.cabinezero15.com.br/cidades/indaiatuba.html,HTTP 403,2026-09-16T01:25:33,2026-09-16T06:29:38
https://www.cabinezero15.com.br/cidades/ipero.html,HTTP 403,2026-09-16T01:25:33,2026-09-16T06:29:38
https://www.cabinezero15.com.br/cidades/itapecerica-da-serra.html,HTTP 403,2026-09-16T01:25:33,2026-09-16T06:29:38
https://www.cabinezero15.com.br/cidades/itapetininga.html,HTTP 403,2026-09-16T01:25:33,2026-09-16T06:29:38
https://www.cabinezero15.com.br/cidades/itapevi.html,HTTP 403,2026-09-16T01:25:33,2026-09-16T06:29:38
https://www.cabinezero15.com.br/cidades/itu.html,HTTP 403,2026-09-16T01:25:33,2026-09-16T06:29:38
https://www.cabinezero15.com.br/cidades/itupeva.html,HTTP 403,2026-09-16T01:25:33,2026-09-16T06:29:38
https://www.cabinezero15.com.br/cidades/jandira.html,HTTP 403,2026-09-16T01:25:33,2026-09-16T06:29:38
https://www.cabinezero15.com.br/cidades/jumirim.html,HTTP 403,2026-09-16T01:25:33,2026-09-16T06:29:38
https://www.cabinezero15.com.br/cidades/jundiai.html,HTTP 403,2026-09-16T01:25:33,2026-09-16T06:29:38
https://www.cabinezero15.com.br/cidades/laranjal-paulista.html,HTTP 403,2026-09-16T01:25:33,2026-09-16T06:29:38
https://www.cabinezero15.com.br/cidades/louveira.html,HTTP 403,2026-09-16T01:25:33,2026-09-16T06:29:38
https://www.cabinezero15.com.br/cidades/mairinque.html,HTTP 403,2026-09-16T01:25:33,2026-09-16T06:29:38
https://www.cabinezero15.com.br/cidades/mombuca.html,HTTP 403,2026-09-16T01:25:33,2026-09-16T06:29:38
https://www.cabinezero15.com.br/cidades/monte-mor.html,HTTP 403,2026-09-16T01:25:33,2026-09-16T06:29:38
https://www.cabinezero15.com.br/cidades/osasco.html,HTTP 403,2026-09-16T01:25:33,2026-09-16T06:29:38
https://www.cabinezero15.com.br/cidades/pereiras.html,HTTP 403,2026-09-16T01:25:33,2026-09-16T06:29:38
https://www.cabinezero15.com.br/cidades/piedade.html,HTTP 403,2026-09-16T01:25:33,2026-09-16T06:29:38
https://www.cabinezero15.com.br/cidades/pilar-do-sul.html,HTTP 403,2026-09-16T01:25:33,2026-09-16T06:29:38
https://www.cabinezero15.com.br/cidades/pirapora-do-bom-jesus.html,HTTP 403,2026-09-16T01:25:33,2026-09-16T06:29:38
https://www.cabinezero15.com.br/cidades/porangaba.html,HTTP 403,2026-09-16T01:25:33,2026-09-16T06:29:38
https://www.cabinezero15.com.br/cidades/porto-feliz.html,HTTP 403,2026-09-16T01:25:33,2026-09-16T06:29:38
https://www.cabinezero15.com.br/cidades/quadra.html,HTTP 403,2026-09-16T01:25:33,2026-09-16T06:29:38
https://www.cabinezero15.com.br/cidades/rafard.html,HTTP 403,2026-09-16T01:25:33,2026-09-16T06:29:38
https://www.cabinezero15.com.br/cidades/rio-das-pedras.html,HTTP 403,2026-09-16T01:25:33,2026-09-16T06:29:38
https://www.cabinezero15.com.br/cidades/saltinho.html,HTTP 403,2026-09-16T01:25:33,2026-09-16T06:29:38
https://www.cabinezero15.com.br/cidades/salto-de-pirapora.html,HTTP 403,2026-09-16T01:25:33,2026-09-16T06:29:38
https://www.cabinezero15.com.br/cidades/salto.html,HTTP 403,2026-09-16T01:25:33,2026-09-16T06:29:38
https://www.cabinezero15.com.br/cidades/santana-de-parnaiba.html,HTTP 403,2026-09-16T01:25:33,2026-09-16T06:29:38
https://www.cabinezero15.com.br/cidades/sao-miguel-arcanjo.html,HTTP 403,2026-09-16T01:25:33,2026-09-16T06:29:38
https://www.cabinezero15.com.br/cidades/sao-paulo.html,HTTP 403,2026-09-16T01:25:33,2026-09-16T06:29:38
https://www.cabinezero15.com.br/cidades/sao-roque.html,HTTP 403,2026-09-16T01:25:33,2026-09-16T06:29:38
https://www.cabinezero15.com.br/cidades/sarapui.html,HTTP 403,2026-09-16T01:25:33,2026-09-16T06:29:38
https://www.cabinezero15.com.br/cidades/sorocaba.html,HTTP 403,2026-09-16T01:25:33,2026-09-16T06:29:38
https://www.cabinezero15.com.br/cidades/sumare.html,HTTP 403,2026-09-16T01:25:33,2026-09-16T06:29:38
https://www.cabinezero15.com.br/cidades/taboao-da-serra.html,HTTP 403,2026-09-16T01:25:33,2026-09-16T06:29:38
https://www.cabinezero15.com.br/cidades/tapirai.html,HTTP 403,2026-09-16T01:25:33,2026-09-16T06:29:38
https://www.cabinezero15.com.br/cidades/tatui.html,HTTP 403,2026-09-16T01:25:33,2026-09-16T06:29:38
https://www.cabinezero15.com.br/cidades/tiete.html,HTTP 403,2026-09-16T01:25:33,2026-09-16T06:29:38
https://www.cabinezero15.com.br/cidades/torre-de-pedra.html,HTTP 403,2026-09-16T01:25:33,2026-09-16T06:29:38
https://www.cabinezero15.com.br/cidades/valinhos.html,HTTP 403,2026-09-16T01:25:33,2026-09-16T06:29:38
https://www.cabinezero15.com.br/cidades/vargem-grande-paulista.html,HTTP 403,2026-09-16T01:25:33,2026-09-16T06:29:38
https://www.cabinezero15.com.br/cidades/varzea-paulista.html,HTTP 403,2026-09-16T01:25:33,2026-09-16T06:29:38
https://www.cabinezero15.com.br/cidades/vinhedo.html,HTTP 403,2026-09-16T01:25:33,2026-09-16T06:29:38
https://www.cabinezero15.com.br/cidades/votorantim.html,HTTP 403,2026-09-16T01:25:33,2026-09-16T06:29:38
https://www.cabinezero15.com.br/orcamento.html,HTTP 403,2026-09-16T01:25:33,2026-09-16T06:29:38
https://www.cabinezero15.com.br/privacidade.html,HTTP 403,2026-09-16T01:25:33,2026-09-16T06:29:38
https://www.cabinezero15.com.br/segmentos/espelho-magico-aniversario.html,HTTP 403,2026-09-16T01:25:33,2026-09-16T06:29:38
https://www.cabinezero15.com.br/segmentos/espelho-magico-batizado.html,HTTP 403,2026-09-16T01:25:33,2026-09-16T06:29:38
https://www.cabinezero15.com.br/segmentos/espelho-magico-casamento.html,HTTP 403,2026-09-16T01:25:33,2026-09-16T06:29:38
https://www.cabinezero15.com.br/segmentos/espelho-magico-cha-de-bebe.html,HTTP 403,2026-09-16T01:25:33,2026-09-16T06:29:38
https://www.cabinezero15.com.br/segmentos/espelho-magico-corporativo.html,HTTP 403,2026-09-16T01:25:33,2026-09-16T06:29:38
https://www.cabinezero15.com.br/segmentos/espelho-magico-debutante.html,HTTP 403,2026-09-16T01:25:33,2026-09-16T06:29:38
https://www.cabinezero15.com.br/segmentos/espelho-magico-festa-junina.html,HTTP 403,2026-09-16T01:25:33,2026-09-16T06:29:38
https://www.cabinezero15.com.br/segmentos/espelho-magico-festa.html,HTTP 403,2026-09-16T01:25:33,2026-09-16T06:29:38
https://www.cabinezero15.com.br/segmentos/espelho-magico-formatura.html,HTTP 403,2026-09-16T01:25:33,2026-09-16T06:29:38
https://www.cabinezero15.com.br/segmentos/totem-retro-aniversario.html,HTTP 403,2026-09-16T01:25:33,2026-09-16T06:29:38
https://www.cabinezero15.com.br/segmentos/totem-retro-batizado.html,HTTP 403,2026-09-16T01:25:33,2026-09-16T06:29:38
https://www.cabinezero15.com.br/segmentos/totem-retro-casamento.html,HTTP 403,2026-09-16T01:25:33,2026-09-16T06:29:38
https://www.cabinezero15.com.br/segmentos/totem-retro-cha-de-bebe.html,HTTP 403,2026-09-16T01:25:33,2026-09-16T06:29:38
https://www.cabinezero15.com.br/segmentos/totem-retro-corporativo.html,HTTP 403,2026-09-16T01:25:33,2026-09-16T06:29:38
https://www.cabinezero15.com.br/segmentos/totem-retro-debutante.html,HTTP 403,2026-09-16T01:25:33,2026-09-16T06:29:38
https://www.cabinezero15.com.br/segmentos/totem-retro-festa-junina.html,HTTP 403,2026-09-16T01:25:33,2026-09-16T06:29:38
https://www.cabinezero15.com.br/segmentos/totem-retro-festa.html,HTTP 403,2026-09-16T01:25:33,2026-09-16T06:29:38
https://www.cabinezero15.com.br/segmentos/totem-retro-formatura.html,HTTP 403,2026-09-16T01:25:33,2026-09-16T06:29:38
https://www.cabinezero15.com.br/servicos/ativacao-de-marca.html,HTTP 403,2026-09-16T01:25:33,2026-09-16T06:29:38
https://www.cabinezero15.com.br/servicos/cabine-fotografica-retro.html,HTTP 403,2026-09-16T01:25:33,2026-09-16T06:29:38
https://www.cabinezero15.com.br/servicos/espelho-magico.html,HTTP 403,2026-09-16T01:25:33,2026-09-16T06:29:38
https://www.cabinezero15.com.br/servicos/eventos-corporativos.html,HTTP 403,2026-09-16T01:25:33,2026-09-16T06:29:38
https://www.cabinezero15.com.br/sobre.html,HTTP 403,2026-09-16T01:25:33,2026-09-16T06:29:38
https://www.cabinezero15.com.br/solicitar-orcamento.html,HTTP 403,2026-09-16T01:25:33,2026-09-16T06:29:38
https://www.cabinezero15.com.br/,HTTP 403,2026-09-17T22:20:35,2026-09-18T00:38:39
https://www.cabinezero15.com.br/adicionais/fotos-imantadas.html,HTTP 403,2026-09-17T22:20:35,2026-09-18T00:38:39
https://www.cabinezero15.com.br/adicionais/hora-extra.html,HTTP 403,2026-09-17T22:20:35,2026-09-18T00:38:39
https://www.cabinezero15.com.br/adicionais/letreiro-led.html,HTTP 403,2026-09-17T22:20:35,2026-09-18T00:38:39
https://www.cabinezero15.com.br/adicionais/livro-de-memorias.html,HTTP 403,2026-09-17T22:20:35,2026-09-18T00:38:39
https://www.cabinezero15.com.br/adicionais/props-e-acessorios.html,HTTP 403,2026-09-17T22:20:35,2026-09-18T00:38:39
https://www.cabinezero15.com.br/adicionais/shimmer-wall.html,HTTP 403,2026-09-17T22:20:35,2026-09-18T00:38:39
https://www.cabinezero15.com.br/areas-atendidas.html,HTTP 403,2026-09-17T22:20:35,2026-09-18T00:38:39
https://www.cabinezero15.com.br/blog/,HTTP 403,2026-09-17T22:20:35,2026-09-18T00:38:39
https://www.cabinezero15.com.br/blog/como-funciona-moldura-personalizada-foto-lembranca.html,HTTP 403,2026-09-17T22:20:35,2026-09-18T00:38:39
https://www.cabinezero15.com.br/blog/diferenca-totem-retro-espelho-magico.html,HTTP 403,2026-09-17T22:20:35,2026-09-18T00:38:39
https://www.cabinezero15.com.br/blog/foto-lembranca-casamento-sorocaba.html,HTTP 403,2026-09-17T22:20:35,2026-09-18T00:38:39
https://www.cabinezero15.com.br/blog/foto-lembranca-casamento.html,HTTP 403,2026-09-17T22:20:35,2026-09-18T00:38:39
https://www.cabinezero15.com.br/blog/foto-lembranca-debutante.html,HTTP 403,2026-09-17T22:20:35,2026-09-18T00:38:39
https://www.cabinezero15.com.br/blog/foto-lembranca-evento-corporativo.html,HTTP 403,2026-09-17T22:20:35,2026-09-18T00:38:39
https://www.cabinezero15.com.br/blog/o-que-e-shimmer-wall.html,HTTP 403,2026-09-17T22:20:35,2026-09-18T00:38:39
https://www.cabinezero15.com.br/blog/o-que-e-totem-retro.html,HTTP 403,2026-09-17T22:20:35,2026-09-18T00:38:39
https://www.cabinezero15.com.br/blog/quanto-tempo-antes-contratar-foto-lembranca.html,HTTP 403,2026-09-17T22:20:35,2026-09-18T00:38:39
https://www.cabinezero15.com.br/blog/totem-retro-ou-espelho-magico-festa-15-anos.html,HTTP 403,2026-09-17T22:20:35,2026-09-18T00:38:39
https://www.cabinezero15.com.br/busca/,HTTP 403,2026-09-17T22:20:35,2026-09-18T00:38:39
https://www.cabinezero15.com.br/cidades/alambari.html,HTTP 403,2026-09-17T22:20:35,2026-09-18T00:38:39
https://www.cabinezero15.com.br/cidades/aluminio.html,HTTP 403,2026-09-17T22:20:35,2026-09-18T00:38:39
https://www.cabinezero15.com.br/cidades/aracariguama.html,HTTP 403,2026-09-17T22:20:35,2026-09-18T00:38:39
https://www.cabinezero15.com.br/cidades/aracoiaba-da-serra.html,HTTP 403,2026-09-17T22:20:35,2026-09-18T00:38:39
https://www.cabinezero15.com.br/cidades/barueri.html,HTTP 403,2026-09-17T22:20:35,2026-09-18T00:38:39
https://www.cabinezero15.com.br/cidades/boituva.html,HTTP 403,2026-09-17T22:20:35,2026-09-18T00:38:39
https://www.cabinezero15.com.br/cidades/cabreuva.html,HTTP 403,2026-09-17T22:20:35,2026-09-18T00:38:39
https://www.cabinezero15.com.br/cidades/cajamar.html,HTTP 403,2026-09-17T22:20:35,2026-09-18T00:38:39
https://www.cabinezero15.com.br/cidades/campinas.html,HTTP 403,2026-09-17T22:20:35,2026-09-18T00:38:39
https://www.cabinezero15.com.br/cidades/capela-do-alto.html,HTTP 403,2026-09-17T22:20:35,2026-09-18T00:38:39
https://www.cabinezero15.com.br/cidades/capivari.html,HTTP 403,2026-09-17T22:20:35,2026-09-18T00:38:39
https://www.cabinezero15.com.br/cidades/carapicuiba.html,HTTP 403,2026-09-17T22:20:35,2026-09-18T00:38:39
https://www.cabinezero15.com.br/cidades/cerquilho.html,HTTP 403,2026-09-17T22:20:35,2026-09-18T00:38:39
https://www.cabinezero15.com.br/cidades/cesario-lange.html,HTTP 403,2026-09-17T22:20:35,2026-09-18T00:38:39
https://www.cabinezero15.com.br/cidades/conchas.html,HTTP 403,2026-09-17T22:20:35,2026-09-18T00:38:39
https://www.cabinezero15.com.br/cidades/cotia.html,HTTP 403,2026-09-17T22:20:35,2026-09-18T00:38:39
https://www.cabinezero15.com.br/cidades/elias-fausto.html,HTTP 403,2026-09-17T22:20:35,2026-09-18T00:38:39
https://www.cabinezero15.com.br/cidades/embu-das-artes.html,HTTP 403,2026-09-17T22:20:35,2026-09-18T00:38:39
https://www.cabinezero15.com.br/cidades/hortolandia.html,HTTP 403,2026-09-17T22:20:35,2026-09-18T00:38:39
https://www.cabinezero15.com.br/cidades/ibiuna.html,HTTP 403,2026-09-17T22:20:35,2026-09-18T00:38:39
https://www.cabinezero15.com.br/cidades/indaiatuba.html,HTTP 403,2026-09-17T22:20:35,2026-09-18T00:38:39
https://www.cabinezero15.com.br/cidades/ipero.html,HTTP 403,2026-09-17T22:20:35,2026-09-18T00:38:39
https://www.cabinezero15.com.br/cidades/itapecerica-da-serra.html,HTTP 403,2026-09-17T22:20:35,2026-09-18T00:38:39
https://www.cabinezero15.com.br/cidades/itapetininga.html,HTTP 403,2026-09-17T22:20:35,2026-09-18T00:38:39
https://www.cabinezero15.com.br/cidades/itapevi.html,HTTP 403,2026-09-17T22:20:35,2026-09-18T00:38:39
https://www.cabinezero15.com.br/cidades/itu.html,HTTP 403,2026-09-17T22:20:35,2026-09-18T00:38:39
https://www.cabinezero15.com.br/cidades/itupeva.html,HTTP 403,2026-09-17T22:20:35,2026-09-18T00:38:39
https://www.cabinezero15.com.br/cidades/jandira.html,HTTP 403,2026-09-17T22:20:35,2026-09-18T00:38:39
https://www.cabinezero15.com.br/cidades/jumirim.html,HTTP 403,2026-09-17T22:20:35,2026-09-18T00:38:39
https://www.cabinezero15.com.br/cidades/jundiai.html,HTTP 403,2026-09-17T22:20:35,2026-09-18T00:38:39
https://www.cabinezero15.com.br/cidades/laranjal-paulista.html,HTTP 403,2026-09-17T22:20:35,2026-09-18T00:38:39
https://www.cabinezero15.com.br/cidades/louveira.html,HTTP 403,2026-09-17T22:20:35,2026-09-18T00:38:39
https://www.cabinezero15.com.br/cidades/mairinque.html,HTTP 403,2026-09-17T22:20:35,2026-09-18T00:38:39
https://www.cabinezero15.com.br/cidades/mombuca.html,HTTP 403,2026-09-17T22:20:35,2026-09-18T00:38:39
https://www.cabinezero15.com.br/cidades/monte-mor.html,HTTP 403,2026-09-17T22:20:35,2026-09-18T00:38:39
https://www.cabinezero15.com.br/cidades/osasco.html,HTTP 403,2026-09-17T22:20:35,2026-09-18T00:38:39
https://www.cabinezero15.com.br/cidades/pereiras.html,HTTP 403,2026-09-17T22:20:35,2026-09-18T00:38:39
https://www.cabinezero15.com.br/cidades/piedade.html,HTTP 403,2026-09-17T22:20:35,2026-09-18T00:38:39
https://www.cabinezero15.com.br/cidades/pilar-do-sul.html,HTTP 403,2026-09-17T22:20:35,2026-09-18T00:38:39
https://www.cabinezero15.com.br/cidades/pirapora-do-bom-jesus.html,HTTP 403,2026-09-17T22:20:35,2026-09-18T00:38:39
https://www.cabinezero15.com.br/cidades/porangaba.html,HTTP 403,2026-09-17T22:20:35,2026-09-18T00:38:39
https://www.cabinezero15.com.br/cidades/porto-feliz.html,HTTP 403,2026-09-17T22:20:35,2026-09-18T00:38:39
https://www.cabinezero15.com.br/cidades/quadra.html,HTTP 403,2026-09-17T22:20:35,2026-09-18T00:38:39
https://www.cabinezero15.com.br/cidades/rafard.html,HTTP 403,2026-09-17T22:20:35,2026-09-18T00:38:39
https://www.cabinezero15.com.br/cidades/rio-das-pedras.html,HTTP 403,2026-09-17T22:20:35,2026-09-18T00:38:39
https://www.cabinezero15.com.br/cidades/saltinho.html,HTTP 403,2026-09-17T22:20:35,2026-09-18T00:38:39
https://www.cabinezero15.com.br/cidades/salto-de-pirapora.html,HTTP 403,2026-09-17T22:20:35,2026-09-18T00:38:39
https://www.cabinezero15.com.br/cidades/salto.html,HTTP 403,2026-09-17T22:20:35,2026-09-18T00:38:39
https://www.cabinezero15.com.br/cidades/santana-de-parnaiba.html,HTTP 403,2026-09-17T22:20:35,2026-09-18T00:38:39
https://www.cabinezero15.com.br/cidades/sao-miguel-arcanjo.html,HTTP 403,2026-09-17T22:20:35,2026-09-18T00:38:39
https://www.cabinezero15.com.br/cidades/sao-paulo.html,HTTP 403,2026-09-17T22:20:35,2026-09-18T00:38:39
https://www.cabinezero15.com.br/cidades/sao-roque.html,HTTP 403,2026-09-17T22:20:35,2026-09-18T00:38:39
https://www.cabinezero15.com.br/cidades/sarapui.html,HTTP 403,2026-09-17T22:20:35,2026-09-18T00:38:39
https://www.cabinezero15.com.br/cidades/sorocaba.html,HTTP 403,2026-09-17T22:20:35,2026-09-18T00:38:39
https://www.cabinezero15.com.br/cidades/sumare.html,HTTP 403,2026-09-17T22:20:35,2026-09-18T00:38:39
https://www.cabinezero15.com.br/cidades/taboao-da-serra.html,HTTP 403,2026-09-17T22:20:35,2026-09-18T00:38:39
https://www.cabinezero15.com.br/cidades/tapirai.html,HTTP 403,2026-09-17T22:20:35,2026-09-18T00:38:39
https://www.cabinezero15.com.br/cidades/tatui.html,HTTP 403,2026-09-17T22:20:35,2026-09-18T00:38:39
https://www.cabinezero15.com.br/cidades/tiete.html,HTTP 403,2026-09-17T22:20:35,2026-09-18T00:38:39
https://www.cabinezero15.com.br/cidades/torre-de-pedra.html,HTTP 403,2026-09-17T22:20:35,2026-09-18T00:38:39
https://www.cabinezero15.com.br/cidades/valinhos.html,HTTP 403,2026-09-17T22:20:35,2026-09-18T00:38:39
https://www.cabinezero15.com.br/cidades/vargem-grande-paulista.html,HTTP 403,2026-09-17T22:20:35,2026-09-18T00:38:39
https://www.cabinezero15.com.br/cidades/varzea-paulista.html,HTTP 403,2026-09-17T22:20:35,2026-09-18T00:38:39
https://www.cabinezero15.com.br/cidades/vinhedo.html,HTTP 403,2026-09-17T22:20:35,2026-09-18T00:38:39
https://www.cabinezero15.com.br/cidades/votorantim.html,HTTP 403,2026-09-17T22:20:35,2026-09-18T00:38:39
https://www.cabinezero15.com.br/orcamento.html,HTTP 403,2026-09-17T22:20:35,2026-09-18T00:38:39
https://www.cabinezero15.com.br/privacidade.html,HTTP 403,2026-09-17T22:20:35,2026-09-18T00:38:39
https://www.cabinezero15.com.br/segmentos/espelho-magico-aniversario.html,HTTP 403,2026-09-17T22:20:35,2026-09-18T00:38:39
https://www.cabinezero15.com.br/segmentos/espelho-magico-batizado.html,HTTP 403,2026-09-17T22:20:35,2026-09-18T00:38:39
https://www.cabinezero15.com.br/segmentos/espelho-magico-casamento.html,HTTP 403,2026-09-17T22:20:35,2026-09-18T00:38:39
https://www.cabinezero15.com.br/segmentos/espelho-magico-cha-de-bebe.html,HTTP 403,2026-09-17T22:20:35,2026-09-18T00:38:39
https://www.cabinezero15.com.br/segmentos/espelho-magico-corporativo.html,HTTP 403,2026-09-17T22:20:35,2026-09-18T00:38:39
https://www.cabinezero15.com.br/segmentos/espelho-magico-debutante.html,HTTP 403,2026-09-17T22:20:35,2026-09-18T00:38:39
https://www.cabinezero15.com.br/segmentos/espelho-magico-festa-junina.html,HTTP 403,2026-09-17T22:20:35,2026-09-18T00:38:39
https://www.cabinezero15.com.br/segmentos/espelho-magico-festa.html,HTTP 403,2026-09-17T22:20:35,2026-09-18T00:38:39
https://www.cabinezero15.com.br/segmentos/espelho-magico-formatura.html,HTTP 403,2026-09-17T22:20:35,2026-09-18T00:38:39
https://www.cabinezero15.com.br/segmentos/totem-retro-aniversario.html,HTTP 403,2026-09-17T22:20:35,2026-09-18T00:38:39
https://www.cabinezero15.com.br/segmentos/totem-retro-batizado.html,HTTP 403,2026-09-17T22:20:35,2026-09-18T00:38:39
https://www.cabinezero15.com.br/segmentos/totem-retro-casamento.html,HTTP 403,2026-09-17T22:20:35,2026-09-18T00:38:39
https://www.cabinezero15.com.br/segmentos/totem-retro-cha-de-bebe.html,HTTP 403,2026-09-17T22:20:35,2026-09-18T00:38:39
https://www.cabinezero15.com.br/segmentos/totem-retro-corporativo.html,HTTP 403,2026-09-17T22:20:35,2026-09-18T00:38:39
https://www.cabinezero15.com.br/segmentos/totem-retro-debutante.html,HTTP 403,2026-09-17T22:20:35,2026-09-18T00:38:39
https://www.cabinezero15.com.br/segmentos/totem-retro-festa-junina.html,HTTP 403,2026-09-17T22:20:35,2026-09-18T00:38:39
https://www.cabinezero15.com.br/segmentos/totem-retro-festa.html,HTTP 403,2026-09-17T22:20:35,2026-09-18T00:38:39
https://www.cabinezero15.com.br/segmentos/totem-retro-formatura.html,HTTP 403,2026-09-17T22:20:35,2026-09-18T00:38:39
https://www.cabinezero15.com.br/servicos/ativacao-de-marca.html,HTTP 403,2026-09-17T22:20:35,2026-09-18T00:38:39
https://www.cabinezero15.com.br/servicos/cabine-fotografica-retro.html,HTTP 403,2026-09-17T22:20:35,2026-09-18T00:38:39
https://www.cabinezero15.com.br/servicos/espelho-magico.html,HTTP 403,2026-09-17T22:20:35,2026-09-18T00:38:39
https://www.cabinezero15.com.br/servicos/eventos-corporativos.html,HTTP 403,2026-09-17T22:20:35,2026-09-18T00:38:39
https://www.cabinezero15.com.br/sobre.html,HTTP 403,2026-09-17T22:20:35,2026-09-18T00:38:39
https://www.cabinezero15.com.br/solicitar-orcamento.html,HTTP 403,2026-09-17T22:20:35,2026-09-18T00:38:39
https://www.cabinezero15.com.br/,HTTP 403,2026-09-18T19:58:36,2026-09-18T22:28:27
https://www.cabinezero15.com.br/adicionais/fotos-imantadas.html,HTTP 403,2026-09-18T19:58:36,2026-09-18T22:28:27
https://www.cabinezero15.com.br/adicionais/hora-extra.html,HTTP 403,2026-09-18T19:58:36,2026-09-18T22:28:27
https://www.cabinezero15.com.br/adicionais/letreiro-led.html,HTTP 403,2026-09-18T19:58:36,2026-09-18T22:28:27
https://www.cabinezero15.com.br/adicionais/livro-de-memorias.html,HTTP 403,2026-09-18T19:58:36,2026-09-18T22:28:27
https://www.cabinezero15.com.br/adicionais/props-e-acessorios.html,HTTP 403,2026-09-18T19:58:36,2026-09-18T22:28:27
https://www.cabinezero15.com.br/adicionais/shimmer-wall.html,HTTP 403,2026-09-18T19:58:36,2026-09-18T22:28:27
https://www.cabinezero15.com.br/areas-atendidas.html,HTTP 403,2026-09-18T19:58:36,2026-09-18T22:28:27
https://www.cabinezero15.com.br/blog/,HTTP 403,2026-09-18T19:58:36,2026-09-18T22:28:27
https://www.cabinezero15.com.br/blog/como-funciona-moldura-personalizada-foto-lembranca.html,HTTP 403,2026-09-18T19:58:36,2026-09-18T22:28:27
https://www.cabinezero15.com.br/blog/diferenca-totem-retro-espelho-magico.html,HTTP 403,2026-09-18T19:58:36,2026-09-18T22:28:27
https://www.cabinezero15.com.br/blog/foto-lembranca-casamento-sorocaba.html,HTTP 403,2026-09-18T19:58:36,2026-09-18T22:28:27
https://www.cabinezero15.com.br/blog/foto-lembranca-casamento.html,HTTP 403,2026-09-18T19:58:36,2026-09-18T22:28:27
https://www.cabinezero15.com.br/blog/foto-lembranca-debutante.html,HTTP 403,2026-09-18T19:58:36,2026-09-18T22:28:27
https://www.cabinezero15.com.br/blog/foto-lembranca-evento-corporativo.html,HTTP 403,2026-09-18T19:58:36,2026-09-18T22:28:27
https://www.cabinezero15.com.br/blog/o-que-e-shimmer-wall.html,HTTP 403,2026-09-18T19:58:36,2026-09-18T22:28:27
https://www.cabinezero15.com.br/blog/o-que-e-totem-retro.html,HTTP 403,2026-09-18T19:58:36,2026-09-18T22:28:27
https://www.cabinezero15.com.br/blog/quanto-tempo-antes-contratar-foto-lembranca.html,HTTP 403,2026-09-18T19:58:36,2026-09-18T22:28:27
https://www.cabinezero15.com.br/blog/totem-retro-ou-espelho-magico-festa-15-anos.html,HTTP 403,2026-09-18T19:58:36,2026-09-18T22:28:27
https://www.cabinezero15.com.br/busca/,HTTP 403,2026-09-18T19:58:36,2026-09-18T22:28:27
https://www.cabinezero15.com.br/cidades/alambari.html,HTTP 403,2026-09-18T19:58:36,2026-09-18T22:28:27
https://www.cabinezero15.com.br/cidades/aluminio.html,HTTP 403,2026-09-18T19:58:36,2026-09-18T22:28:27
https://www.cabinezero15.com.br/cidades/aracariguama.html,HTTP 403,2026-09-18T19:58:36,2026-09-18T22:28:27
https://www.cabinezero15.com.br/cidades/aracoiaba-da-serra.html,HTTP 403,2026-09-18T19:58:36,2026-09-18T22:28:27
https://www.cabinezero15.com.br/cidades/barueri.html,HTTP 403,2026-09-18T19:58:36,2026-09-18T22:28:27
https://www.cabinezero15.com.br/cidades/boituva.html,HTTP 403,2026-09-18T19:58:36,2026-09-18T22:28:27
https://www.cabinezero15.com.br/cidades/cabreuva.html,HTTP 403,2026-09-18T19:58:36,2026-09-18T22:28:27
https://www.cabinezero15.com.br/cidades/cajamar.html,HTTP 403,2026-09-18T19:58:36,2026-09-18T22:28:27
https://www.cabinezero15.com.br/cidades/campinas.html,HTTP 403,2026-09-18T19:58:36,2026-09-18T22:28:27
https://www.cabinezero15.com.br/cidades/capela-do-alto.html,HTTP 403,2026-09-18T19:58:36,2026-09-18T22:28:27
https://www.cabinezero15.com.br/cidades/capivari.html,HTTP 403,2026-09-18T19:58:36,2026-09-18T22:28:27
https://www.cabinezero15.com.br/cidades/carapicuiba.html,HTTP 403,2026-09-18T19:58:36,2026-09-18T22:28:27
https://www.cabinezero15.com.br/cidades/cerquilho.html,HTTP 403,2026-09-18T19:58:36,2026-09-18T22:28:27
https://www.cabinezero15.com.br/cidades/cesario-lange.html,HTTP 403,2026-09-18T19:58:36,2026-09-18T22:28:27
https://www.cabinezero15.com.br/cidades/conchas.html,HTTP 403,2026-09-18T19:58:36,2026-09-18T22:28:27
https://www.cabinezero15.com.br/cidades/cotia.html,HTTP 403,2026-09-18T19:58:36,2026-09-18T22:28:27
https://www.cabinezero15.com.br/cidades/elias-fausto.html,HTTP 403,2026-09-18T19:58:36,2026-09-18T22:28:27
https://www.cabinezero15.com.br/cidades/embu-das-artes.html,HTTP 403,2026-09-18T19:58:36,2026-09-18T22:28:27
https://www.cabinezero15.com.br/cidades/hortolandia.html,HTTP 403,2026-09-18T19:58:36,2026-09-18T22:28:27
https://www.cabinezero15.com.br/cidades/ibiuna.html,HTTP 403,2026-09-18T19:58:36,2026-09-18T22:28:27
https://www.cabinezero15.com.br/cidades/indaiatuba.html,HTTP 403,2026-09-18T19:58:36,2026-09-18T22:28:27
https://www.cabinezero15.com.br/cidades/ipero.html,HTTP 403,2026-09-18T19:58:36,2026-09-18T22:28:27
https://www.cabinezero15.com.br/cidades/itapecerica-da-serra.html,HTTP 403,2026-09-18T19:58:36,2026-09-18T22:28:27
https://www.cabinezero15.com.br/cidades/itapetininga.html,HTTP 403,2026-09-18T19:58:36,2026-09-18T22:28:27
https://www.cabinezero15.com.br/cidades/itapevi.html,HTTP 403,2026-09-18T19:58:36,2026-09-18T22:28:27
https://www.cabinezero15.com.br/cidades/itu.html,HTTP 403,2026-09-18T19:58:36,2026-09-18T22:28:27
https://www.cabinezero15.com.br/cidades/itupeva.html,HTTP 403,2026-09-18T19:58:36,2026-09-18T22:28:27
https://www.cabinezero15.com.br/cidades/jandira.html,HTTP 403,2026-09-18T19:58:36,2026-09-18T22:28:27
https://www.cabinezero15.com.br/cidades/jumirim.html,HTTP 403,2026-09-18T19:58:36,2026-09-18T22:28:27
https://www.cabinezero15.com.br/cidades/jundiai.html,HTTP 403,2026-09-18T19:58:36,2026-09-18T22:28:27
https://www.cabinezero15.com.br/cidades/laranjal-paulista.html,HTTP 403,2026-09-18T19:58:36,2026-09-18T22:28:27
https://www.cabinezero15.com.br/cidades/louveira.html,HTTP 403,2026-09-18T19:58:36,2026-09-18T22:28:27
https://www.cabinezero15.com.br/cidades/mairinque.html,HTTP 403,2026-09-18T19:58:36,2026-09-18T22:28:27
https://www.cabinezero15.com.br/cidades/mombuca.html,HTTP 403,2026-09-18T19:58:36,2026-09-18T22:28:27
https://www.cabinezero15.com.br/cidades/monte-mor.html,HTTP 403,2026-09-18T19:58:36,2026-09-18T22:28:27
https://www.cabinezero15.com.br/cidades/osasco.html,HTTP 403,2026-09-18T19:58:36,2026-09-18T22:28:27
https://www.cabinezero15.com.br/cidades/pereiras.html,HTTP 403,2026-09-18T19:58:36,2026-09-18T22:28:27
https://www.cabinezero15.com.br/cidades/piedade.html,HTTP 403,2026-09-18T19:58:36,2026-09-18T22:28:27
https://www.cabinezero15.com.br/cidades/pilar-do-sul.html,HTTP 403,2026-09-18T19:58:36,2026-09-18T22:28:27
https://www.cabinezero15.com.br/cidades/pirapora-do-bom-jesus.html,HTTP 403,2026-09-18T19:58:36,2026-09-18T22:28:27
https://www.cabinezero15.com.br/cidades/porangaba.html,HTTP 403,2026-09-18T19:58:36,2026-09-18T22:28:27
https://www.cabinezero15.com.br/cidades/porto-feliz.html,HTTP 403,2026-09-18T19:58:36,2026-09-18T22:28:27
https://www.cabinezero15.com.br/cidades/quadra.html,HTTP 403,2026-09-18T19:58:36,2026-09-18T22:28:27
https://www.cabinezero15.com.br/cidades/rafard.html,HTTP 403,2026-09-18T19:58:36,2026-09-18T22:28:27
https://www.cabinezero15.com.br/cidades/rio-das-pedras.html,HTTP 403,2026-09-18T19:58:36,2026-09-18T22:28:27
https://www.cabinezero15.com.br/cidades/saltinho.html,HTTP 403,2026-09-18T19:58:36,2026-09-18T22:28:27
https://www.cabinezero15.com.br/cidades/salto-de-pirapora.html,HTTP 403,2026-09-18T19:58:36,2026-09-18T22:28:27
https://www.cabinezero15.com.br/cidades/salto.html,HTTP 403,2026-09-18T19:58:36,2026-09-18T22:28:27
https://www.cabinezero15.com.br/cidades/santana-de-parnaiba.html,HTTP 403,2026-09-18T19:58:36,2026-09-18T22:28:27
https://www.cabinezero15.com.br/cidades/sao-miguel-arcanjo.html,HTTP 403,2026-09-18T19:58:36,2026-09-18T22:28:27
https://www.cabinezero15.com.br/cidades/sao-paulo.html,HTTP 403,2026-09-18T19:58:36,2026-09-18T22:28:27
https://www.cabinezero15.com.br/cidades/sao-roque.html,HTTP 403,2026-09-18T19:58:36,2026-09-18T22:28:27
https://www.cabinezero15.com.br/cidades/sarapui.html,HTTP 403,2026-09-18T19:58:36,2026-09-18T22:28:27
https://www.cabinezero15.com.br/cidades/sorocaba.html,HTTP 403,2026-09-18T19:58:36,2026-09-18T22:28:27
https://www.cabinezero15.com.br/cidades/sumare.html,HTTP 403,2026-09-18T19:58:36,2026-09-18T22:28:27
https://www.cabinezero15.com.br/cidades/taboao-da-serra.html,HTTP 403,2026-09-18T19:58:36,2026-09-18T22:28:27
https://www.cabinezero15.com.br/cidades/tapirai.html,HTTP 403,2026-09-18T19:58:36,2026-09-18T22:28:27
https://www.cabinezero15.com.br/cidades/tatui.html,HTTP 403,2026-09-18T19:58:36,2026-09-18T22:28:27
https://www.cabinezero15.com.br/cidades/tiete.html,HTTP 403,2026-09-18T19:58:36,2026-09-18T22:28:27
https://www.cabinezero15.com.br/cidades/torre-de-pedra.html,HTTP 403,2026-09-18T19:58:36,2026-09-18T22:28:27
https://www.cabinezero15.com.br/cidades/valinhos.html,HTTP 403,2026-09-18T19:58:36,2026-09-18T22:28:27
https://www.cabinezero15.com.br/cidades/vargem-grande-paulista.html,HTTP 403,2026-09-18T19:58:36,2026-09-18T22:28:27
https://www.cabinezero15.com.br/cidades/varzea-paulista.html,HTTP 403,2026-09-18T19:58:36,2026-09-18T22:28:27
https://www.cabinezero15.com.br/cidades/vinhedo.html,HTTP 403,2026-09-18T19:58:36,2026-09-18T22:28:27
https://www.cabinezero15.com.br/cidades/votorantim.html,HTTP 403,2026-09-18T19:58:36,2026-09-18T22:28:27
https://www.cabinezero15.com.br/orcamento.html,HTTP 403,2026-09-18T19:58:36,2026-09-18T22:28:27
https://www.cabinezero15.com.br/privacidade.html,HTTP 403,2026-09-18T19:58:36,2026-09-18T22:28:27
https://www.cabinezero15.com.br/segmentos/espelho-magico-aniversario.html,HTTP 403,2026-09-18T19:58:36,2026-09-18T22:28:27
https://www.cabinezero15.com.br/segmentos/espelho-magico-batizado.html,HTTP 403,2026-09-18T19:58:36,2026-09-18T22:28:27
https://www.cabinezero15.com.br/segmentos/espelho-magico-casamento.html,HTTP 403,2026-09-18T19:58:36,2026-09-18T22:28:27
https://www.cabinezero15.com.br/segmentos/espelho-magico-cha-de-bebe.html,HTTP 403,2026-09-18T19:58:36,2026-09-18T22:28:27
https://www.cabinezero15.com.br/segmentos/espelho-magico-corporativo.html,HTTP 403,2026-09-18T19:58:36,2026-09-18T22:28:27
https://www.cabinezero15.com.br/segmentos/espelho-magico-debutante.html,HTTP 403,2026-09-18T19:58:36,2026-09-18T22:28:27
https://www.cabinezero15.com.br/segmentos/espelho-magico-festa-junina.html,HTTP 403,2026-09-18T19:58:36,2026-09-18T22:28:27
https://www.cabinezero15.com.br/segmentos/espelho-magico-festa.html,HTTP 403,2026-09-18T19:58:36,2026-09-18T22:28:27
https://www.cabinezero15.com.br/segmentos/espelho-magico-formatura.html,HTTP 403,2026-09-18T19:58:36,2026-09-18T22:28:27
https://www.cabinezero15.com.br/segmentos/totem-retro-aniversario.html,HTTP 403,2026-09-18T19:58:36,2026-09-18T22:28:27
https://www.cabinezero15.com.br/segmentos/totem-retro-batizado.html,HTTP 403,2026-09-18T19:58:36,2026-09-18T22:28:27
https://www.cabinezero15.com.br/segmentos/totem-retro-casamento.html,HTTP 403,2026-09-18T19:58:36,2026-09-18T22:28:27
https://www.cabinezero15.com.br/segmentos/totem-retro-cha-de-bebe.html,HTTP 403,2026-09-18T19:58:36,2026-09-18T22:28:27
https://www.cabinezero15.com.br/segmentos/totem-retro-corporativo.html,HTTP 403,2026-09-18T19:58:36,2026-09-18T22:28:27
https://www.cabinezero15.com.br/segmentos/totem-retro-debutante.html,HTTP 403,2026-09-18T19:58:36,2026-09-18T22:28:27
https://www.cabinezero15.com.br/segmentos/totem-retro-festa-junina.html,HTTP 403,2026-09-18T19:58:36,2026-09-18T22:28:27
https://www.cabinezero15.com.br/segmentos/totem-retro-festa.html,HTTP 403,2026-09-18T19:58:36,2026-09-18T22:28:27
https://www.cabinezero15.com.br/segmentos/totem-retro-formatura.html,HTTP 403,2026-09-18T19:58:36,2026-09-18T22:28:27
https://www.cabinezero15.com.br/servicos/ativacao-de-marca.html,HTTP 403,2026-09-18T19:58:36,2026-09-18T22:28:27
https://www.cabinezero15.com.br/servicos/cabine-fotografica-retro.html,HTTP 403,2026-09-18T19:58:36,2026-09-18T22:28:27
https://www.cabinezero15.com.br/servicos/espelho-magico.html,HTTP 403,2026-09-18T19:58:36,2026-09-18T22:28:27
https://www.cabinezero15.com.br/servicos/eventos-corporativos.html,HTTP 403,2026-09-18T19:58:36,2026-09-18T22:28:27
https://www.cabinezero15.com.br/sobre.html,HTTP 403,2026-09-18T19:58:36,2026-09-18T22:28:27
https://www.cabinezero15.com.br/solicitar-orcamento.html,HTTP 403,2026-09-18T19:58:36,2026-09-18T22:28:27
https://www.cabinezero15.com.br/,falha de conexão: <urlopen error [Errno 101] Network is unreachable>,2026-09-19T16:40:56,2026-09-19T21:22:43
https://www.cabinezero15.com.br/adicionais/fotos-imantadas.html,falha de conexão: <urlopen error [Errno 101] Network is unreachable>,2026-09-19T16:40:56,2026-09-19T21:22:43
https://www.cabinezero15.com.br/adicionais/hora-extra.html,falha de conexão: <urlopen error [Errno 101] Network is unreachable>,2026-09-19T16:40:56,2026-09-19T21:22:43
https://www.cabinezero15.com.br/adicionais/letreiro-led.html,falha de conexão: <urlopen error [Errno 101] Network is unreachable>,2026-09-19T16:40:56,2026-09-19T21:22:43
https://www.cabinezero15.com.br/adicionais/livro-de-memorias.html,falha de conexão: <urlopen error [Errno 101] Network is unreachable>,2026-09-19T16:40:56,2026-09-19T21:22:43
https://www.cabinezero15.com.br/adicionais/props-e-acessorios.html,falha de conexão: <urlopen error [Errno 101] Network is unreachable>,2026-09-19T16:40:56,2026-09-19T21:22:43
https://www.cabinezero15.com.br/adicionais/shimmer-wall.html,falha de conexão: <urlopen error [Errno 101] Network is unreachable>,2026-09-19T16:40:56,2026-09-19T21:22:43
https://www.cabinezero15.com.br/areas-atendidas.html,falha de conexão: <urlopen error [Errno 101] Network is unreachable>,2026-09-19T16:40:56,2026-09-19T21:22:43
https://www.cabinezero15.com.br/blog/,falha de conexão: <urlopen error [Errno 101] Network is unreachable>,2026-09-19T16:40:56,2026-09-19T21:22:43
https://www.cabinezero15.com.br/blog/como-funciona-moldura-personalizada-foto-lembranca.html,falha de conexão: <urlopen error [Errno 101] Network is unreachable>,2026-09-19T16:40:56,2026-09-19T21:22:43
https://www.cabinezero15.com.br/blog/diferenca-totem-retro-espelho-magico.html,falha de conexão: <urlopen error [Errno 101] Network is unreachable>,2026-09-19T16:40:56,2026-09-19T21:22:43
https://www.cabinezero15.com.br/blog/foto-lembranca-casamento-sorocaba.html,falha de conexão: <urlopen error [Errno 101] Network is unreachable>,2026-09-19T16:40:56,2026-09-19T21:22:43
https://www.cabinezero15.com.br/blog/foto-lembranca-casamento.html,falha de conexão: <urlopen error [Errno 101] Network is unreachable>,2026-09-19T16:40:56,2026-09-19T21:22:43
https://www.cabinezero15.com.br/blog/foto-lembranca-debutante.html,falha de conexão: <urlopen error [Errno 101] Network is unreachable>,2026-09-19T16:40:56,2026-09-19T21:22:43
https://www.cabinezero15.com.br/blog/foto-lembranca-evento-corporativo.html,falha de conexão: <urlopen error [Errno 101] Network is unreachable>,2026-09-19T16:40:56,2026-09-19T21:22:43
https://www.cabinezero15.com.br/blog/o-que-e-shimmer-wall.html,falha de conexão: <urlopen error [Errno 101] Network is unreachable>,2026-09-19T16:40:56,2026-09-19T21:22:43
https://www.cabinezero15.com.br/blog/o-que-e-totem-retro.html,falha de conexão: <urlopen error [Errno 101] Network is unreachable>,2026-09-19T16:40:56,2026-09-19T21:22:43
https://www.cabinezero15.com.br/blog/quanto-tempo-antes-contratar-foto-lembranca.html,falha de conexão: <urlopen error [Errno 101] Network is unreachable>,2026-09-19T16:40:56,2026-09-19T21:22:43
https://www.cabinezero15.com.br/blog/totem-retro-ou-espelho-magico-festa-15-anos.html,falha de conexão: <urlopen error [Errno 101] Network is unreachable>,2026-09-19T16:40:56,2026-09-19T21:22:43
https://www.cabinezero15.com.br/busca/,falha de conexão: <urlopen error [Errno 101] Network is unreachable>,2026-09-19T16:40:56,2026-09-19T21:22:43
https://www.cabinezero15.com.br/cidades/alambari.html,falha de conexão: <urlopen error [Errno 101] Network is unreachable>,2026-09-19T16:40:56,2026-09-19T21:22:43
https://www.cabinezero15.com.br/cidades/aluminio.html,falha de conexão: <urlopen error [Errno 101] Network is unreachable>,2026-09-19T16:40:56,2026-09-19T21:22:43
https://www.cabinezero15.com.br/cidades/aracariguama.html,falha de conexão: <urlopen error [Errno 101] Network is unreachable>,2026-09-19T16:40:56,2026-09-19T21:22:43
https://www.cabinezero15.com.br/cidades/aracoiaba-da-serra.html,falha de conexão: <urlopen error [Errno 101] Network is unreachable>,2026-09-19T16:40:56,2026-09-19T21:22:43
https://www.cabinezero15.com.br/cidades/barueri.html,falha de conexão: <urlopen error [Errno 101] Network is unreachable>,2026-09-19T16:40:56,2026-09-19T21:22:43
https://www.cabinezero15.com.br/cidades/boituva.html,falha de conexão: <urlopen error [Errno 101] Network is unreachable>,2026-09-19T16:40:56,2026-09-19T21:22:43
https://www.cabinezero15.com.br/cidades/cabreuva.html,falha de conexão: <urlopen error [Errno 101] Network is unreachable>,2026-09-19T16:40:56,2026-09-19T21:22:43
https://www.cabinezero15.com.br/cidades/cajamar.html,falha de conexão: <urlopen error [Errno 101] Network is unreachable>,2026-09-19T16:40:56,2026-09-19T21:22:43
https://www.cabinezero15.com.br/cidades/campinas.html,falha de conexão: <urlopen error [Errno 101] Network is unreachable>,2026-09-19T16:40:56,2026-09-19T21:22:43
https://www.cabinezero15.com.br/cidades/capela-do-alto.html,falha de conexão: <urlopen error [Errno 101] Network is unreachable>,2026-09-19T16:40:56,2026-09-19T21:22:43
https://www.cabinezero15.com.br/cidades/capivari.html,falha de conexão: <urlopen error [Errno 101] Network is unreachable>,2026-09-19T16:40:56,2026-09-19T21:22:43
https://www.cabinezero15.com.br/cidades/carapicuiba.html,falha de conexão: <urlopen error [Errno 101] Network is unreachable>,2026-09-19T16:40:56,2026-09-19T21:22:43
https://www.cabinezero15.com.br/cidades/cerquilho.html,falha de conexão: <urlopen error [Errno 101] Network is unreachable>,2026-09-19T16:40:56,2026-09-19T21:22:43
https://www.cabinezero15.com.br/cidades/cesario-lange.html,falha de conexão: <urlopen error [Errno 101] Network is unreachable>,2026-09-19T16:40:56,2026-09-19T21:22:43
https://www.cabinezero15.com.br/cidades/conchas.html,falha de conexão: <urlopen error [Errno 101] Network is unreachable>,2026-09-19T16:40:56,2026-09-19T21:22:43
https://www.cabinezero15.com.br/cidades/cotia.html,falha de conexão: <urlopen error [Errno 101] Network is unreachable>,2026-09-19T16:40:56,2026-09-19T21:22:43
https://www.cabinezero15.com.br/cidades/elias-fausto.html,falha de conexão: <urlopen error [Errno 101] Network is unreachable>,2026-09-19T16:40:56,2026-09-19T21:22:43
https://www.cabinezero15.com.br/cidades/embu-das-artes.html,falha de conexão: <urlopen error [Errno 101] Network is unreachable>,2026-09-19T16:40:56,2026-09-19T21:22:43
https://www.cabinezero15.com.br/cidades/hortolandia.html,falha de conexão: <urlopen error [Errno 101] Network is unreachable>,2026-09-19T16:40:56,2026-09-19T21:22:43
https://www.cabinezero15.com.br/cidades/ibiuna.html,falha de conexão: <urlopen error [Errno 101] Network is unreachable>,2026-09-19T16:40:56,2026-09-19T21:22:43
https://www.cabinezero15.com.br/cidades/indaiatuba.html,falha de conexão: <urlopen error [Errno 101] Network is unreachable>,2026-09-19T16:40:56,2026-09-19T21:22:43
https://www.cabinezero15.com.br/cidades/ipero.html,falha de conexão: <urlopen error [Errno 101] Network is unreachable>,2026-09-19T16:40:56,2026-09-19T21:22:43
https://www.cabinezero15.com.br/cidades/itapecerica-da-serra.html,falha de conexão: <urlopen error [Errno 101] Network is unreachable>,2026-09-19T16:40:56,2026-09-19T21:22:43
https://www.cabinezero15.com.br/cidades/itapetininga.html,falha de conexão: <urlopen error [Errno 101] Network is unreachable>,2026-09-19T16:40:56,2026-09-19T21:22:43
https://www.cabinezero15.com.br/cidades/itapevi.html,falha de conexão: <urlopen error [Errno 101] Network is unreachable>,2026-09-19T16:40:56,2026-09-19T21:22:43
https://www.cabinezero15.com.br/cidades/itu.html,falha de conexão: <urlopen error [Errno 101] Network is unreachable>,2026-09-19T16:40:56,2026-09-19T21:22:43
https://www.cabinezero15.com.br/cidades/itupeva.html,falha de conexão: <urlopen error [Errno 101] Network is unreachable>,2026-09-19T16:40:56,2026-09-19T21:22:43
https://www.cabinezero15.com.br/cidades/jandira.html,falha de conexão: <urlopen error [Errno 101] Network is unreachable>,2026-09-19T16:40:56,2026-09-19T21:22:43
https://www.cabinezero15.com.br/cidades/jumirim.html,falha de conexão: <urlopen error [Errno 101] Network is unreachable>,2026-09-19T16:40:56,2026-09-19T21:22:43
https://www.cabinezero15.com.br/cidades/jundiai.html,falha de conexão: <urlopen error [Errno 101] Network is unreachable>,2026-09-19T16:40:56,2026-09-19T21:22:43
https://www.cabinezero15.com.br/cidades/laranjal-paulista.html,falha de conexão: <urlopen error [Errno 101] Network is unreachable>,2026-09-19T16:40:56,2026-09-19T21:22:43
https://www.cabinezero15.com.br/cidades/louveira.html,falha de conexão: <urlopen error [Errno 101] Network is unreachable>,2026-09-19T16:40:56,2026-09-19T21:22:43
https://www.cabinezero15.com.br/cidades/mairinque.html,falha de conexão: <urlopen error [Errno 101] Network is unreachable>,2026-09-19T16:40:56,2026-09-19T21:22:43
https://www.cabinezero15.com.br/cidades/mombuca.html,falha de conexão: <urlopen error [Errno 101] Network is unreachable>,2026-09-19T16:40:56,2026-09-19T21:22:43
https://www.cabinezero15.com.br/cidades/monte-mor.html,falha de conexão: <urlopen error [Errno 101] Network is unreachable>,2026-09-19T16:40:56,2026-09-19T21:22:43
https://www.cabinezero15.com.br/cidades/osasco.html,falha de conexão: <urlopen error [Errno 101] Network is unreachable>,2026-09-19T16:40:56,2026-09-19T21:22:43
https://www.cabinezero15.com.br/cidades/pereiras.html,falha de conexão: <urlopen error [Errno 101] Network is unreachable>,2026-09-19T16:40:56,2026-09-19T21:22:43
https://www.cabinezero15.com.br/cidades/piedade.html,falha de conexão: <urlopen error [Errno 101] Network is unreachable>,2026-09-19T16:40:56,2026-09-19T21:22:43
https://www.cabinezero15.com.br/cidades/pilar-do-sul.html,falha de conexão: <urlopen error [Errno 101] Network is unreachable>,2026-09-19T16:40:56,2026-09-19T21:22:43
https://www.cabinezero15.com.br/cidades/pirapora-do-bom-jesus.html,falha de conexão: <urlopen error [Errno 101] Network is unreachable>,2026-09-19T16:40:56,2026-09-19T21:22:43
https://www.cabinezero15.com.br/cidades/porangaba.html,falha de conexão: <urlopen error [Errno 101] Network is unreachable>,2026-09-19T16:40:56,2026-09-19T21:22:43
https://www.cabinezero15.com.br/cidades/porto-feliz.html,falha de conexão: <urlopen error [Errno 101] Network is unreachable>,2026-09-19T16:40:56,2026-09-19T21:22:43
https://www.cabinezero15.com.br/cidades/quadra.html,falha de conexão: <urlopen error [Errno 101] Network is unreachable>,2026-09-19T16:40:56,2026-09-19T21:22:43
https://www.cabinezero15.com.br/cidades/rafard.html,falha de conexão: <urlopen error [Errno 101] Network is unreachable>,2026-09-19T16:40:56,2026-09-19T21:22:43
https://www.cabinezero15.com.br/cidades/rio-das-pedras.html,falha de conexão: <urlopen error [Errno 101] Network is unreachable>,2026-09-19T16:40:56,2026-09-19T21:22:43
https://www.cabinezero15.com.br/cidades/saltinho.html,falha de conexão: <urlopen error [Errno 101] Network is unreachable>,2026-09-19T16:40:56,2026-09-19T21:22:43
https://www.cabinezero15.com.br/cidades/salto-de-pirapora.html,falha de conexão: <urlopen error [Errno 101] Network is unreachable>,2026-09-19T16:40:56,2026-09-19T21:22:43
https://www.cabinezero15.com.br/cidades/salto.html,falha de conexão: <urlopen error [Errno 101] Network is unreachable>,2026-09-19T16:40:56,2026-09-19T21:22:43
https://www.cabinezero15.com.br/cidades/santana-de-parnaiba.html,falha de conexão: <urlopen error [Errno 101] Network is unreachable>,2026-09-19T16:40:56,2026-09-19T21:22:43
https://www.cabinezero15.com.br/cidades/sao-miguel-arcanjo.html,falha de conexão: <urlopen error [Errno 101] Network is unreachable>,2026-09-19T16:40:56,2026-09-19T21:22:43
https://www.cabinezero15.com.br/cidades/sao-paulo.html,falha de conexão: <urlopen error [Errno 101] Network is unreachable>,2026-09-19T16:40:56,2026-09-19T21:22:43
https://www.cabinezero15.com.br/cidades/sao-roque.html,falha de conexão: <urlopen error [Errno 101] Network is unreachable>,2026-09-19T16:40:56,2026-09-19T21:22:43
https://www.cabinezero15.com.br/cidades/sarapui.html,falha de conexão: <urlopen error [Errno 101] Network is unreachable>,2026-09-19T16:40:56,2026-09-19T21:22:43
https://www.cabinezero15.com.br/cidades/sorocaba.html,falha de conexão: <urlopen error [Errno 101] Network is unreachable>,2026-09-19T16:40:56,2026-09-19T21:22:43
https://www.cabinezero15.com.br/cidades/sumare.html,falha de conexão: <urlopen error [Errno 101] Network is unreachable>,2026-09-19T16:40:56,2026-09-19T21:22:43
https://www.cabinezero15.com.br/cidades/taboao-da-serra.html,falha de conexão: <urlopen error [Errno 101] Network is unreachable>,2026-09-19T16:40:56,2026-09-19T21:22:43
https://www.cabinezero15.com.br/cidades/tapirai.html,falha de conexão: <urlopen error [Errno 101] Network is unreachable>,2026-09-19T16:40:56,2026-09-19T21:22:43
https://www.cabinezero15.com.br/cidades/tatui.html,falha de conexão: <urlopen error [Errno 101] Network is unreachable>,2026-09-19T16:40:56,2026-09-19T21:22:43
https://www.cabinezero15.com.br/cidades/tiete.html,falha de conexão: <urlopen error [Errno 101] Network is unreachable>,2026-09-19T16:40:56,2026-09-19T21:22:43
https://www.cabinezero15.com.br/cidades/torre-de-pedra.html,falha de conexão: <urlopen error [Errno 101] Network is unreachable>,2026-09-19T16:40:56,2026-09-19T21:22:43
https://www.cabinezero15.com.br/cidades/valinhos.html,falha de conexão: <urlopen error [Errno 101] Network is unreachable>,2026-09-19T16:40:56,2026-09-19T21:22:43
https://www.cabinezero15.com.br/cidades/vargem-grande-paulista.html,falha de conexão: <urlopen error [Errno 101] Network is unreachable>,2026-09-19T16:40:56,2026-09-19T21:22:43
https://www.cabinezero15.com.br/cidades/varzea-paulista.html,falha de conexão: <urlopen error [Errno 101] Network is unreachable>,2026-09-19T16:40:56,2026-09-19T21:22:43
https://www.cabinezero15.com.br/cidades/vinhedo.html,falha de conexão: <urlopen error [Errno 101] Network is unreachable>,2026-09-19T16:40:56,2026-09-19T21:22:43
https://www.cabinezero15.com.br/cidades/votorantim.html,falha de conexão: <urlopen error [Errno 101] Network is unreachable>,2026-09-19T16:40:56,2026-09-19T21:22:43
https://www.cabinezero15.com.br/orcamento.html,falha de conexão: <urlopen error [Errno 101] Network is unreachable>,2026-09-19T16:40:56,2026-09-19T21:22:43
https://www.cabinezero15.com.br/privacidade.html,falha de conexão: <urlopen error [Errno 101] Network is unreachable>,2026-09-19T16:40:56,2026-09-19T21:22:43
https://www.cabinezero15.com.br/segmentos/espelho-magico-aniversario.html,falha de conexão: <urlopen error [Errno 101] Network is unreachable>,2026-09-19T16:40:56,2026-09-19T21:22:43
https://www.cabinezero15.com.br/segmentos/espelho-magico-batizado.html,falha de conexão: <urlopen error [Errno 101] Network is unreachable>,2026-09-19T16:40:56,2026-09-19T21:22:43
https://www.cabinezero15.com.br/segmentos/espelho-magico-casamento.html,falha de conexão: <urlopen error [Errno 101] Network is unreachable>,2026-09-19T16:40:56,2026-09-19T21:22:43
https://www.cabinezero15.com.br/segmentos/espelho-magico-cha-de-bebe.html,falha de conexão: <urlopen error [Errno 101] Network is unreachable>,2026-09-19T16:40:56,2026-09-19T21:22:43
https://www.cabinezero15.com.br/segmentos/espelho-magico-corporativo.html,falha de conexão: <urlopen error [Errno 101] Network is unreachable>,2026-09-19T16:40:56,2026-09-19T21:22:43
https://www.cabinezero15.com.br/segmentos/espelho-magico-debutante.html,falha de conexão: <urlopen error [Errno 101] Network is unreachable>,2026-09-19T16:40:56,2026-09-19T21:22:43
https://www.cabinezero15.com.br/segmentos/espelho-magico-festa-junina.html,falha de conexão: <urlopen error [Errno 101] Network is unreachable>,2026-09-19T16:40:56,2026-09-19T21:22:43
https://www.cabinezero15.com.br/segmentos/espelho-magico-festa.html,falha de conexão: <urlopen error [Errno 101] Network is unreachable>,2026-09-19T16:40:56,2026-09-19T21:22:43
https://www.cabinezero15.com.br/segmentos/espelho-magico-formatura.html,falha de conexão: <urlopen error [Errno 101] Network is unreachable>,2026-09-19T16:40:56,2026-09-19T21:22:43
https://www.cabinezero15.com.br/segmentos/totem-retro-aniversario.html,falha de conexão: <urlopen error [Errno 101] Network is unreachable>,2026-09-19T16:40:56,2026-09-19T21:22:43
https://www.cabinezero15.com.br/segmentos/totem-retro-batizado.html,falha de conexão: <urlopen error [Errno 101] Network is unreachable>,2026-09-19T16:40:56,2026-09-19T21:22:43
https://www.cabinezero15.com.br/segmentos/totem-retro-casamento.html,falha de conexão: <urlopen error [Errno 101] Network is unreachable>,2026-09-19T16:40:56,2026-09-19T21:22:43
https://www.cabinezero15.com.br/segmentos/totem-retro-cha-de-bebe.html,falha de conexão: <urlopen error [Errno 101] Network is unreachable>,2026-09-19T16:40:56,2026-09-19T21:22:43
https://www.cabinezero15.com.br/segmentos/totem-retro-corporativo.html,falha de conexão: <urlopen error [Errno 101] Network is unreachable>,2026-09-19T16:40:56,2026-09-19T21:22:43
https://www.cabinezero15.com.br/segmentos/totem-retro-debutante.html,falha de conexão: <urlopen error [Errno 101] Network is unreachable>,2026-09-19T16:40:56,2026-09-19T21:22:43
https://www.cabinezero15.com.br/segmentos/totem-retro-festa-junina.html,falha de conexão: <urlopen error [Errno 101] Network is unreachable>,2026-09-19T16:40:56,2026-09-19T21:22:43
https://www.cabinezero15.com.br/segmentos/totem-retro-festa.html,falha de conexão: <urlopen error [Errno 101] Network is unreachable>,2026-09-19T16:40:56,2026-09-19T21:22:43
https://www.cabinezero15.com.br/segmentos/totem-retro-formatura.html,falha de conexão: <urlopen error [Errno 101] Network is unreachable>,2026-09-19T16:40:56,2026-09-19T21:22:43
https://www.cabinezero15.com.br/servicos/ativacao-de-marca.html,falha de conexão: <urlopen error [Errno 101] Network is unreachable>,2026-09-19T16:40:56,2026-09-19T21:22:43
https://www.cabinezero15.com.br/servicos/cabine-fotografica-retro.html,falha de conexão: <urlopen error [Errno 101] Network is unreachable>,2026-09-19T16:40:56,2026-09-19T21:22:43
https://www.cabinezero15.com.br/servicos/espelho-magico.html,falha de conexão: <urlopen error [Errno 101] Network is unreachable>,2026-09-19T16:40:56,2026-09-19T21:22:43
https://www.cabinezero15.com.br/servicos/eventos-corporativos.html,falha de conexão: <urlopen error [Errno 101] Network is unreachable>,2026-09-19T16:40:56,2026-09-19T21:22:43
https://www.cabinezero15.com.br/sobre.html,falha de conexão: <urlopen error [Errno 101] Network is unreachable>,2026-09-19T16:40:56,2026-09-19T21:22:43
https://www.cabinezero15.com.br/solicitar-orcamento.html,falha de conexão: <urlopen error [Errno 101] Network is unreachable>,2026-09-19T16:40:56,2026-09-19T21:22:43
